year_id,country,country_revenue
2003,USA,1305147.8799999997
2003,France,312761.42
2003,Norway,196532.60000000006
