year_id,country,country_revenue
2004,France,555198.7000000001
2004,Australia,232396.68000000008
2004,USA,1685470.689999999
