year_id,country,country_revenue
2005,France,242956.4
2005,USA,637364.2600000001
2005,UK,40802.810000000005
