dealsize,revenue
Medium,6087432.240000006
Small,2643077.349999997
Large,1302119.2600000007
