productline,revenue
"Classic Cars",3919615.659999997
"Vintage Cars",1903150.8399999992
Motorcycles,1166388.3400000003
"Trucks and Buses",1127789.8399999996
Planes,975003.5700000001
Ships,714437.13
Trains,226243.46999999997
