year_id,year_revenue,year_frequency,month_id,best_month_revenue,best_month_frequency,month_productline,best_productline_revenue
2003,3516979.540000001,10158099,11,1029837.6600000001,296,"Classic Cars",452924.3699999999
2004,4724162.599999997,13834764,11,1089048.0100000005,301,"Classic Cars",372231.8899999999
2005,1791486.71,4967518,5,457861.05999999965,120,"Classic Cars",184385.11000000002
